{
  "Headers": {
    "DynamicTranactionTradeTableType1": {
      "table_name": "DynamicTranactionTradeTableType1",
      "section_heading": "",
      "table_headers": [
        {
          "label_key": "DynTransTrdTable1"
        },
        {
          "label_key": "DynTransTrdTable2"
        },
        {
          "label_key": "DynTransTrdTable3"
        },
        {
          "label_key": "DynTransTrdTable4"
        },
        {
          "label_key": "DynTransTrdTable5"
        },
        {
          "label_key": "DynTransTrdTable6"
        }
      ]
    }
  },
  "Customer": {
    "tle": {
      "doc_account_number": "123456",
      "doc_insert_combo": "NNNNNNNNNNN",
      "doc_product_code": "PS,QV,EVSB,UR",
      "doc_special_handling_code": "99",
      "doc_total_amount_due": "0",
      "doc_total_amount_due_sign": "+",
      "doc_send_addr_line1": "Customer Name",
      "doc_send_addr_line2": "Addr Line 1",
      "doc_send_addr_line3": "Addr Line 2",
      "doc_send_addr_line4": "Addr Line 3",
      "doc_send_addr_line5": "Addr Line 4",
      "doc_send_addr_line6": "City, State, ZipCode",
      "uc_account_number": "123456"
    },
    "graphics": {
      "TopLogo": "Amundi.jpg"
    },
    "DocumentHeading": "<Arial14B>Confirmation Statement",
    "SendAddressBlock": [
      {
        "send_addr_line": "<Arial8>JOHN DAB"
      },
      {
        "send_addr_line": "<Arial8>JANE BDC"
      },
      {
        "send_addr_line": "<Arial8>156 WINNTER STREET"
      },
      {
        "send_addr_line": "<Arial8>BOSTON, MA 873400"
      }
    ],
    "ReturnAddressBlock": [
      {
        "return_addr_line": "<Arial7>PO Box 9897"
      },
      {
        "return_addr_line": "<Arial7>Providence, RI 02940-8097"
      }
    ],
    "BannerTableDoubleColumn": [
      {
        "column1": "<Arial8>Client Services:",
        "column2": "<Arial8>1-800-225-6292<cr>8:00 a.m. to 7:00 p.m. ET Monday - Friday"
      },
      {
        "column1": "<Arial8>Website:",
        "column2": "<Arial8>amundi.com/usinvestors"
      },
      {
        "column1": "<Arial8>Investment Rep:",
        "column2": "<Arial8>HOUSE ACCOUNT - GENERAL"
      },
      {
        "column1": "<Arial8>Investment Rep No:",
        "column2": "<Arial8>12345"
      },
      {
        "column1": "<Arial8>Broker/Dealer:",
        "column2": "<Arial8>SYMETRA SECURITIES INC<cr>777 108TH AVE NE STE 1200<cr>BELLEVUE WA 98004-5135"
      },
      {
        "column1": "<Arial8>Broker/Dealer No:<cr>Branch No:",
        "column2": "<Arial8>804732<cr>SYMETRA"
      }
    ],
    "DynamicTranactionTradeTableType1": {
      "trades": [
        {
          "account_details": [
            {
              "account_details_left": [
                {
                  "line": "PIONEER FUND A"
                },
                {
                  "line": "PIODX<cr>"
                },
                {
                  "line": "<b>Account Registration</b>"
                },
                {
                  "line": "BNYM I S TRUST CO CUST ROTH IRA"
                }
              ],
              "account_details_right": [
                {
                  "line": "<b>Fund#/Account#</b>"
                },
                {
                  "line": "0001/0000013001"
                }
              ],
              "trade_details": [
                {
                  "column1": "10/27/2022",
                  "column2": "TRANSFER OF ASSETS IN",
                  "column3": "$90,000.00",
                  "column4": "$29.84",
                  "column5": "3,016.086",
                  "column6": "10,988.021"
                },
                {
                  "column1": "10/27/2022",
                  "column2": "TRANSFER OUT",
                  "column3": "$4,400.00",
                  "column4": "$29.84",
                  "column5": "147.453",
                  "column6": "10,840.568"
                }
              ],
              "sub_totals": {
                "sub_total_column_1": "Ending Value As Of 10/27/2022",
                "sub_total_column_2": "$323,482.55",
                "sub_total_column_3": "$29.84",
                "sub_total_column_4": "10,840.568"
              }
            },
            {
              "account_details_left": [
                {
                  "line": "PIONEER FUND B"
                },
                {
                  "line": "PIODY<cr>"
                },
                {
                  "line": "<b>Account Registration</b>"
                },
                {
                  "line": "BNYM I S TRUST CO CUST ROTH IRA 2"
                }
              ],
              "account_details_right": [
                {
                  "line": "<b>Fund#/Account#</b>"
                },
                {
                  "line": "0002/0000013002"
                }
              ],
              "trade_details": [
                {
                  "column1": "10/27/2022",
                  "column2": "TRANSFER OF ASSETS IN",
                  "column3": "$90,000.00",
                  "column4": "$29.84",
                  "column5": "3,016.086",
                  "column6": "10,988.021"
                },
                {
                  "column1": "10/27/2022",
                  "column2": "TRANSFER OUT",
                  "column3": "$4,400.00",
                  "column4": "$29.84",
                  "column5": "147.453",
                  "column6": "10,840.568"
                }
              ],
              "sub_totals": {
                "sub_total_column_1": "Ending Value As Of 10/27/2022",
                "sub_total_column_2": "$323,482.55",
                "sub_total_column_3": "$29.84",
                "sub_total_column_4": "10,840.568"
              }
            }
          ]
        }
      ]
    },
    "TextBoxDynamicWidthHeight1": [
      {
        "line": "<Arial8>Thank you for choosing Amundi Asset Management US. Please review your statement carefully. If you find errors or omissions in your account activity or you did not initiate the activity, please notify us within ten (10) business days after receiving this statement. If you do not notify us, you agree that the account information displayed on the statement is correct. If you have any questions, you may contact us at the phone number listed above. Should you wish to provide formal feedback to Amundi US, we request that you do so in writing. This will ensure your comments are retained and responded to in a timely and appropriate manner."
      }
    ],
    "TextBoxDynamicWidthHeight2": [
      {
        "line": "<Arial8>Please see reverse side for more information."
      }
    ],
    "PieChart": [
      {
        "slice_values": "20"
      },
      {
        "slice_values": "20"
      },
      {
        "slice_values": "20"
      },
      {
        "slice_values": "20"
      },
      {
        "slice_values": "20"
      },
      {
        "slice_values": "20"
      },
      {
        "slice_values": "20"
      },
      {
        "slice_values": "20"
      }
    ]
  }
}