{
    "DynamicTranactionTradeTableType1": {}
}

{
    "DynamicTranactionTradeTableType1": {
        "trades": []
    }
}

{
    "DynamicTranactionTradeTableType1": {
        "trades": [
            {
                "account_details": []
            }
        ]
    }
}

{
    "DynamicTranactionTradeTableType1": {
        "trades": [
            {
                "account_details": [
                    {
                        "account_details_left": []
                    }
                ]
            }
        ]
    }
}

{
    "DynamicTranactionTradeTableType1": {
        "trades": [
            {
                "account_details": [
                    {
                        "account_details_left": [],
                        "account_details_right": []
                    }
                ]
            }
        ]
    }
}



{
    "DynamicTranactionTradeTableType1": {
        "trades": [
            {
                "account_details": [
                    {
                        "account_details_left": [],
                        "account_details_right": []
                    }
                ]
            }
        ]
    }
}