{
    "Customer": {
        "ReturnAddressBlock": [
            {"return_addr_line": "<Arial7>PO Box 9897"},
            {"return_addr_line": "<Arial7>Providence, RI 02940-8097"}
        ],
        "BannerTableDoubleColumn": [
            {
                "column1": "null",
                "column2": "20230609"
            },
            {
                "column1": "<Arial8>Client Services:",
                "column2": "<Arial8>1-800-225-6292<cr>8:00 a.m. to 7:00 p.m. ET Monday - Friday"
            },
            {
                "column1": "<Arial8>Website:",
                "column2": "<Arial8>amundi.com/usinvestors"
            },
            {
                "column1": "<Arial8>Investment Rep:",
                "column2": "SYMETRA SECURITIES INC<cr>777 108TH AVE NE STE 1200<cr>BELLEVUE WA 98004-5135"
            },
            {
                "column1": "<Arial8>Investment Rep No:",
                "column2": "<Arial8>12345"
            },
            {
                "column1": "<Arial8>Broker/Dealer No:<cr>Branch No:",
                "column2": "804732<cr>SYMETRA"
            }
        ],
        "SendAddressBlock": [
            {"send_addr_line": "ROB THOMPSON CUST"},
            {"send_addr_line": "FBO CASHTON R THOMPSON WA/UTMA"},
            {"send_addr_line": "28328 NE 147TH CT"},
            {"send_addr_line": "DUVALL WA 98019-8134"}
        ],
        "TextBoxDynamicWidthHeight2": [{"line": "<Arial8>Please see reverse side for more information."}],
        "DynamicTranactionTradeTableType1": {"trades": [{"account_details": []}]},
        "graphics": {"TopLogo": "Amundi.jpg"},
        "TextBoxDynamicWidthHeight1": [{"line": "<Arial8>Thank you for choosing Amundi Asset Management US. Please review your statement carefully. If you find errors or omissions in your account activity or you did not initiate the activity, please notify us within ten (10) business days after receiving this statement. If you do not notify us, you agree that the account information displayed on the statement is correct. If you have any questions, you may contact us at the phone number listed above. Should you wish to provide formal feedback to Amundi US, we request that you do so in writing. This will ensure your comments are retained and responded to in a timely and appropriate manner."}],
        "tle": {
            "doc_send_addr_line6": "",
            "doc_send_addr_line3": "28328 NE 147TH CT",
            "doc_send_addr_line2": "FBO CASHTON R THOMPSON WA/UTMA",
            "doc_send_addr_line5": "",
            "doc_send_addr_line4": "DUVALL WA 98019-8134",
            "doc_account_number": "0000045203 0060AUS",
            "doc_insert_combo": "NNNNNNNNNNN",
            "doc_send_addr_line1": "ROB THOMPSON CUST",
            "doc_product_code": "PS,QV",
            "doc_special_handling_code": "99",
            "doc_total_amount_due_sign": "",
            "doc_total_amount_due": "",
            "uc_account_number": "0000045203"
        },
        "DocumentHeading": "<Arial14B>Confirmation Statement"
    },
    "Headers": {"DynamicTranactionTradeTableType1": {
        "section_heading": "",
        "table_name": "DynamicTranactionTradeTableType1"
    }}
},
{
    "Customer": {
        "ReturnAddressBlock": [
            {"return_addr_line": "<Arial7>PO Box 9897"},
            {"return_addr_line": "<Arial7>Providence, RI 02940-8097"}
        ],
        "BannerTableDoubleColumn": [
            {
                "column1": "null",
                "column2": "20230609"
            },
            {
                "column1": "<Arial8>Client Services:",
                "column2": "<Arial8>1-800-225-6292<cr>8:00 a.m. to 7:00 p.m. ET Monday - Friday"
            },
            {
                "column1": "<Arial8>Website:",
                "column2": "<Arial8>amundi.com/usinvestors"
            },
            {
                "column1": "<Arial8>Investment Rep:",
                "column2": "SYMETRA SECURITIES INC<cr>777 108TH AVE NE STE 1200<cr>BELLEVUE WA 98004-5135"
            },
            {
                "column1": "<Arial8>Investment Rep No:",
                "column2": "<Arial8>12345"
            },
            {
                "column1": "<Arial8>Broker/Dealer No:<cr>Branch No:",
                "column2": "804732<cr>SYMETRA"
            }
        ],
        "SendAddressBlock": [
            {"send_addr_line": "ROB THOMPSON CUST"},
            {"send_addr_line": "FBO CASHTON R THOMPSON WA/UTMA"},
            {"send_addr_line": "28328 NE 147TH CT"},
            {"send_addr_line": "DUVALL WA 98019-8134"}
        ],
        "TextBoxDynamicWidthHeight2": [{"line": "<Arial8>Please see reverse side for more information."}],
        "DynamicTranactionTradeTableType1": {"trades": [{"account_details": []}]},
        "graphics": {"TopLogo": "Amundi.jpg"},
        "TextBoxDynamicWidthHeight1": [{"line": "<Arial8>Thank you for choosing Amundi Asset Management US. Please review your statement carefully. If you find errors or omissions in your account activity or you did not initiate the activity, please notify us within ten (10) business days after receiving this statement. If you do not notify us, you agree that the account information displayed on the statement is correct. If you have any questions, you may contact us at the phone number listed above. Should you wish to provide formal feedback to Amundi US, we request that you do so in writing. This will ensure your comments are retained and responded to in a timely and appropriate manner."}],
        "tle": {
            "doc_send_addr_line6": "",
            "doc_send_addr_line3": "28328 NE 147TH CT",
            "doc_send_addr_line2": "FBO CASHTON R THOMPSON WA/UTMA",
            "doc_send_addr_line5": "",
            "doc_send_addr_line4": "DUVALL WA 98019-8134",
            "doc_account_number": "0000045203 0060AUS",
            "doc_insert_combo": "NNNNNNNNNNN",
            "doc_send_addr_line1": "ROB THOMPSON CUST",
            "doc_product_code": "PS,QV",
            "doc_special_handling_code": "99",
            "doc_total_amount_due_sign": "",
            "doc_total_amount_due": "",
            "uc_account_number": "0000045203"
        },
        "DocumentHeading": "<Arial14B>Confirmation Statement"
    },
    "Headers": {"DynamicTranactionTradeTableType1": {
        "section_heading": "",
        "table_name": "DynamicTranactionTradeTableType1"
    }}
},
{
    "Customer": {
        "ReturnAddressBlock": [
            {"return_addr_line": "<Arial7>PO Box 9897"},
            {"return_addr_line": "<Arial7>Providence, RI 02940-8097"}
        ],
        "BannerTableDoubleColumn": [
            {
                "column1": "null",
                "column2": "20230609"
            },
            {
                "column1": "<Arial8>Client Services:",
                "column2": "<Arial8>1-800-225-6292<cr>8:00 a.m. to 7:00 p.m. ET Monday - Friday"
            },
            {
                "column1": "<Arial8>Website:",
                "column2": "<Arial8>amundi.com/usinvestors"
            },
            {
                "column1": "<Arial8>Investment Rep:",
                "column2": "SYMETRA SECURITIES INC<cr>777 108TH AVE NE STE 1200<cr>BELLEVUE WA 98004-5135"
            },
            {
                "column1": "<Arial8>Investment Rep No:",
                "column2": "<Arial8>12345"
            },
            {
                "column1": "<Arial8>Broker/Dealer No:<cr>Branch No:",
                "column2": "804732<cr>SYMETRA"
            }
        ],
        "SendAddressBlock": [
            {"send_addr_line": "ROB THOMPSON CUST"},
            {"send_addr_line": "FBO CASHTON R THOMPSON WA/UTMA"},
            {"send_addr_line": "28328 NE 147TH CT"},
            {"send_addr_line": "DUVALL WA 98019-8134"}
        ],
        "TextBoxDynamicWidthHeight2": [{"line": "<Arial8>Please see reverse side for more information."}],
        "DynamicTranactionTradeTableType1": {"trades": [{"account_details": []}]},
        "graphics": {"TopLogo": "Amundi.jpg"},
        "TextBoxDynamicWidthHeight1": [{"line": "<Arial8>Thank you for choosing Amundi Asset Management US. Please review your statement carefully. If you find errors or omissions in your account activity or you did not initiate the activity, please notify us within ten (10) business days after receiving this statement. If you do not notify us, you agree that the account information displayed on the statement is correct. If you have any questions, you may contact us at the phone number listed above. Should you wish to provide formal feedback to Amundi US, we request that you do so in writing. This will ensure your comments are retained and responded to in a timely and appropriate manner."}],
        "tle": {
            "doc_send_addr_line6": "",
            "doc_send_addr_line3": "28328 NE 147TH CT",
            "doc_send_addr_line2": "FBO CASHTON R THOMPSON WA/UTMA",
            "doc_send_addr_line5": "",
            "doc_send_addr_line4": "DUVALL WA 98019-8134",
            "doc_account_number": "0000045203 0060AUS",
            "doc_insert_combo": "NNNNNNNNNNN",
            "doc_send_addr_line1": "ROB THOMPSON CUST",
            "doc_product_code": "PS,QV",
            "doc_special_handling_code": "99",
            "doc_total_amount_due_sign": "",
            "doc_total_amount_due": "",
            "uc_account_number": "0000045203"
        },
        "DocumentHeading": "<Arial14B>Confirmation Statement"
    },
    "Headers": {"DynamicTranactionTradeTableType1": {
        "section_heading": "",
        "table_name": "DynamicTranactionTradeTableType1"
    }}
},
{
    "Customer": {
        "ReturnAddressBlock": [
            {"return_addr_line": "<Arial7>PO Box 9897"},
            {"return_addr_line": "<Arial7>Providence, RI 02940-8097"}
        ],
        "BannerTableDoubleColumn": [
            {
                "column1": "null",
                "column2": "20230609"
            },
            {
                "column1": "<Arial8>Client Services:",
                "column2": "<Arial8>1-800-225-6292<cr>8:00 a.m. to 7:00 p.m. ET Monday - Friday"
            },
            {
                "column1": "<Arial8>Website:",
                "column2": "<Arial8>amundi.com/usinvestors"
            },
            {
                "column1": "<Arial8>Investment Rep:",
                "column2": "SYMETRA SECURITIES INC<cr>777 108TH AVE NE STE 1200<cr>BELLEVUE WA 98004-5135"
            },
            {
                "column1": "<Arial8>Investment Rep No:",
                "column2": "<Arial8>12345"
            },
            {
                "column1": "<Arial8>Broker/Dealer No:<cr>Branch No:",
                "column2": "804732<cr>SYMETRA"
            }
        ],
        "SendAddressBlock": [
            {"send_addr_line": "ROB THOMPSON CUST"},
            {"send_addr_line": "FBO CASHTON R THOMPSON WA/UTMA"},
            {"send_addr_line": "28328 NE 147TH CT"},
            {"send_addr_line": "DUVALL WA 98019-8134"}
        ],
        "TextBoxDynamicWidthHeight2": [{"line": "<Arial8>Please see reverse side for more information."}],
        "DynamicTranactionTradeTableType1": {"trades": [{"account_details": []}]},
        "graphics": {"TopLogo": "Amundi.jpg"},
        "TextBoxDynamicWidthHeight1": [{"line": "<Arial8>Thank you for choosing Amundi Asset Management US. Please review your statement carefully. If you find errors or omissions in your account activity or you did not initiate the activity, please notify us within ten (10) business days after receiving this statement. If you do not notify us, you agree that the account information displayed on the statement is correct. If you have any questions, you may contact us at the phone number listed above. Should you wish to provide formal feedback to Amundi US, we request that you do so in writing. This will ensure your comments are retained and responded to in a timely and appropriate manner."}],
        "tle": {
            "doc_send_addr_line6": "",
            "doc_send_addr_line3": "28328 NE 147TH CT",
            "doc_send_addr_line2": "FBO CASHTON R THOMPSON WA/UTMA",
            "doc_send_addr_line5": "",
            "doc_send_addr_line4": "DUVALL WA 98019-8134",
            "doc_account_number": "0000045203 0060AUS",
            "doc_insert_combo": "NNNNNNNNNNN",
            "doc_send_addr_line1": "ROB THOMPSON CUST",
            "doc_product_code": "PS,QV",
            "doc_special_handling_code": "99",
            "doc_total_amount_due_sign": "",
            "doc_total_amount_due": "",
            "uc_account_number": "0000045203"
        },
        "DocumentHeading": "<Arial14B>Confirmation Statement"
    },
    "Headers": {"DynamicTranactionTradeTableType1": {
        "section_heading": "",
        "table_name": "DynamicTranactionTradeTableType1"
    }}
}
