<?xml version="1.0" encoding="UTF-8" standalone="no"?><FINCONFIRM>
        <DOC_NOP>
            <DOC_ACCOUNT_NUMBER>0000045203 0060AUS</DOC_ACCOUNT_NUMBER>
            <DOC_INSERT_COMBO>NNNNNNNNNNN</DOC_INSERT_COMBO>
            <DOC_PRODUCT_CODE>PS,QV</DOC_PRODUCT_CODE>
            <DOC_SPECIAL_HANDLING_CODE>99</DOC_SPECIAL_HANDLING_CODE>
            <DOC_SEND_ADDR_LINE1>ROB THOMPSON CUST</DOC_SEND_ADDR_LINE1>
            <DOC_SEND_ADDR_LINE2>FBO CASHTON R THOMPSON WA/UTMA</DOC_SEND_ADDR_LINE2>
            <DOC_SEND_ADDR_LINE3>28328 NE 147TH CT</DOC_SEND_ADDR_LINE3>
            <DOC_SEND_ADDR_LINE4>DUVALL WA 98019-8134</DOC_SEND_ADDR_LINE4>
            <DOC_SEND_ADDR_LINE5/>
            <DOC_SEND_ADDR_LINE6/>
            <DOC_SEND_ADDR_ZIP_CODE>980198134</DOC_SEND_ADDR_ZIP_CODE>
            <UC_ACCOUNT_NUMBER>0000045203</UC_ACCOUNT_NUMBER>
            <UC_ALT_DOC_ID/>
            <UC_FUND_CODE>0060</UC_FUND_CODE>
            <UC_EXTERNAL_CLIENT_ID>AUS</UC_EXTERNAL_CLIENT_ID>
            <UC_STATEMENT_ID/>
        </DOC_NOP>
        <Account_Section>
            <Account_Number>0000045203</Account_Number>
            <Mailing_Address_Line1>ROB THOMPSON CUST</Mailing_Address_Line1>
            <Mailing_Address_Line2>FBO CASHTON R THOMPSON WA/UTMA</Mailing_Address_Line2>
            <Mailing_Address_Line3>28328 NE 147TH CT</Mailing_Address_Line3>
            <Mailing_Address_Line4>DUVALL WA 98019-8134</Mailing_Address_Line4>
            <Mailing_Address_Line5/>
            <Mailing_Address_Line6/>
            <Mailing_Address_End_Line>2</Mailing_Address_End_Line>
            <Mailing_Address_ZIP_Code>980198134</Mailing_Address_ZIP_Code>
            <Mailing_Address_ST_CNTRY_ABRV>WA</Mailing_Address_ST_CNTRY_ABRV>
            <Mailing_Address_ST_CNTRY_Code>D</Mailing_Address_ST_CNTRY_Code>
            <Third_Party_Switch/>
            <Dealer_Number>804732</Dealer_Number>
            <Dealer_Address_Line1>SYMETRA SECURITIES INC</Dealer_Address_Line1>
            <Dealer_Address_Line2>777 108TH AVE NE STE 1200</Dealer_Address_Line2>
            <Dealer_Address_Line3>BELLEVUE WA 98004-5135</Dealer_Address_Line3>
            <Dealer_Address_Line4/>
            <Dealer_Address_Line5/>
            <Dealer_Address_Line6/>
            <Branch_Number>SYMETRA</Branch_Number>
            <REP_Number>1</REP_Number>
            <REP_Name>HOUSE ACCOUNT - GENERAL</REP_Name>
            <Acct_Initial_Trade/>
            <Acct_Post_Date>20230609</Acct_Post_Date>
        </Account_Section>
        <Fund_Section>
            <Fund_Number>0060</Fund_Number>
            <Fund_Account_Number>0000045203</Fund_Account_Number>
            <Fund_CUSIP_Number>72387W408</Fund_CUSIP_Number>
            <Fund_TICKER>PGOFX</Fund_TICKER>
            <FUND_Name>PIONEER SELECT MID CAP GROWTH FUND A</FUND_Name>
            <Fund_Class>A</Fund_Class>
            <Fund_Load>FEBE</Fund_Load>
            <Account_6>0000045203</Account_6>
            <FundNum_6>0060</FundNum_6>
            <PostDate_6>20230609</PostDate_6>
            <Principal_6>0000000000000.00</Principal_6>
            <Price_6>00038.900000</Price_6>
            <Shares_6>000000000000.000</Shares_6>
            <Transaction_Section>
                <BNY_Sequence_Number>8999998</BNY_Sequence_Number>
                <Initial_Trade/>
                <Main_Trade>Y</Main_Trade>
                <Trasaction_Desc>FULL REDEMPTION</Trasaction_Desc>
                <Trade_Date>20230609</Trade_Date>
                <Post_Date>20230609</Post_Date>
                <Principal>0000000030148.12</Principal>
                <Net_Invest>0000000030148.12</Net_Invest>
                <Price>00038.900000</Price>
                <Shares>000000000775.016</Shares>
                <Current_Balance>000000000000.000</Current_Balance>
                <Sub_Trade/>
                <Transaction_Code>260</Transaction_Code>
            </Transaction_Section>
        </Fund_Section>
    </FINCONFIRM>